errE,auc,rec_err,con_err
0.1599307470023632,0.55153908238654,0.1428942307829857,0.34073030948638916
0.1583710846801599,0.525737774466588,0.1409251888593038,0.34891796112060547
0.15857748066385588,0.4979534777839863,0.1411738395690918,0.348072811961174
0.15978270148237547,0.46801659733863127,0.14268140494823456,0.34202596296866733
0.1576241490741571,0.43730293247242397,0.1399760420123736,0.3529621362686157
0.15782719353834787,0.40648817284410504,0.14023046319683394,0.35193459937969845
0.1596426529188951,0.37736801804598413,0.14253088707725206,0.34223534415165585
0.1583253269394239,0.34922073218683386,0.1408717098335425,0.34907235701878864
0.15871498237053552,0.32387574760456117,0.1413490573565165,0.34731850028038025
0.15827580044666925,0.3012464559922187,0.1408054456114769,0.34940706690152484
0.15719282254576683,0.2815575008795348,0.13945811614394188,0.3546941379706065
0.1595848153034846,0.2647320005794582,0.14244485273957253,0.34279922147591907
0.1584258315463861,0.249874174789429,0.14099827781319618,0.34855107963085175
0.15833804508050284,0.23722201527286274,0.14088805268208185,0.34899985790252686
0.15890293568372726,0.22635210364023922,0.14159048845370611,0.34624897440274555
0.15924455473820368,0.21765009002297137,0.14202892407774925,0.3443126305937767
0.15949219837784767,0.21069359077833652,0.14235467463731766,0.3427504648764928
0.1591424619158109,0.20496750895055982,0.14191317682464918,0.34458571175734204
0.15786625196536383,0.20010088781275223,0.1403074450790882,0.3511761526266734
0.15865209822853407,0.196026882721798,0.1412904125948747,0.3472336530685425
0.15845202778776488,0.19278222718900684,0.1410351594289144,0.348337322473526
0.15788267428676286,0.19006270565592598,0.14031892394026121,0.3512749969959259
0.15856397648652396,0.18771051923594295,0.14117389917373657,0.3478015388051669
0.15746013695995012,0.18580637817925955,0.13979010035594305,0.35340071221192676
0.15914367387692133,0.18408455950828834,0.14190882196029028,0.3446970085302989
0.15887480477492014,0.18266178266178265,0.1415752855439981,0.3459903821349144
0.15766666705409685,0.181552120196188,0.14004506667455038,0.3524320001403491
0.15897947177290916,0.18037302622048387,0.14170175169905028,0.3455543940265973
0.15838405614097914,0.17942074874278263,0.14095393071571985,0.3486025209228198
0.15895439436038336,0.17852600318702017,0.14167037357886633,0.3456804280479749
0.15876361603538194,0.17764543366238283,0.14143668984373411,0.3465385486682256
0.15879580626885095,0.17677883321951118,0.1414670633773009,0.34657489011685055
0.15781770274043083,0.17594627594627593,0.14024867241581282,0.3513806387782097
0.15756580233573914,0.1753733366445231,0.13991738110780716,0.3529684121410052
0.15966189776857695,0.17503031808116554,0.14256312201420465,0.3419755548238754
0.1571027860045433,0.17464611659526913,0.13933931911985079,0.35526938488086063
0.1587395171324412,0.1742342873698806,0.1413872999449571,0.34704434871673584
0.15830357124408087,0.17384160096024504,0.1408529430627823,0.3490125834941864
0.16018526504437128,0.17337420583183294,0.1432154762248198,0.33939581364393234
0.1583750086526076,0.17299745452287824,0.14093240723013878,0.3488520433505376
0.15754423663020134,0.17267730386374452,0.1398905466000239,0.3530738229552905
0.15835721790790558,0.1722744769354939,0.14090858648220697,0.3489726384480794
0.157994095236063,0.17186409635562178,0.14045341933767,0.35081354280312854
0.1588319937388102,0.17144171271289915,0.14148629953463873,0.3469138517975807
0.15860044086972871,0.1710774818401937,0.14120778565605482,0.34785312165816623
0.15806442747513452,0.17079292647089256,0.140537790954113,0.3505326882004738
0.15786686912178993,0.17068748577223153,0.14027581612269083,0.35182106494903564
0.15758679807186127,0.17047484530535378,0.13991938531398773,0.3533482824762662
0.15805838132898012,0.1702458558390762,0.14051568259795508,0.35085399945576984
0.1582346260547638,0.17010564764802055,0.1407319741944472,0.3500530570745468
0.15803753584623337,0.16991421949049068,0.14048224439223608,0.35110584398110706
0.1577494516968727,0.1697050971627243,0.1401237597068151,0.3525138671199481
0.15775242572029433,0.16962107572277063,0.14010917271176973,0.35286503036816913
0.15654273703694344,0.16958982636948738,0.13859397793809572,0.3589751919110616
0.15776773542165756,0.16954843649758905,0.14012585952877998,0.35283752530813217
0.15735078354676565,0.16952908673247655,0.1395996275047461,0.3550230860710144
0.1578016715745131,0.1694842821961466,0.1401576225956281,0.35288093735774356
0.1576470136642456,0.16938732642122473,0.13994510099291801,0.3540382261077563
0.1577550768852234,0.16941009085076883,0.1400939797361692,0.35322197278340656
0.1581883728504181,0.16945551623517724,0.14063821360468864,0.3510031948486964
0.1570793886979421,0.1695185323151425,0.13923801481723785,0.3568274900317192
0.15553340564171472,0.16955526582645225,0.13727614159385362,0.3651452561219533
0.15760522584120432,0.1696045197740113,0.13988480965296426,0.3544083113471667
0.15848719576994577,0.16963432048177812,0.1409840149184068,0.350063589711984
0.15730741620063782,0.169706028434842,0.13950437059005102,0.3560609444975853
0.15769063060482344,0.16975062602181246,0.13997496788700423,0.35431327670812607
0.15617073575655618,0.169856273669833,0.13804595917463303,0.3624955217043559
0.15817569320400557,0.16998447879803813,0.14057435219486555,0.3520268003145854
0.15595868229866028,0.17012965377372158,0.13775373622775078,0.3640989239017169
0.15676139543453851,0.17025061567434452,0.13877088079849878,0.3598102654019992
0.15610215067863464,0.1703798555493471,0.13792178283135095,0.36360732465982437
0.15781805540124574,0.1705466567330974,0.14009112740556398,0.35453857233126956
0.15724467237790427,0.17069679849340869,0.1393563449382782,0.3577665463089943
0.15640450889865556,0.1708649448479957,0.13828750575582185,0.3623400181531906
0.15627452979485193,0.17110107406717578,0.13812672098477682,0.3629562482237816
0.15684091920653978,0.1712757393265868,0.13881939152876535,0.3604305386543274
0.1563401184976101,0.17148837979346454,0.1381650802989801,0.36350079129139584
0.1562177762389183,0.17170743569048652,0.13802823796868324,0.36379077285528183
0.15614822506904602,0.1719112808095859,0.13790937885642052,0.3647769019007683
0.15614755700031915,0.17221301297572486,0.1378997415304184,0.3649562820792198
0.15834539383649826,0.17252240226816498,0.14069159453113875,0.3530759836236636
0.15573856110374132,0.1728117174727344,0.1373659297823906,0.36745258917411167
0.15607023860017458,0.17309109910804826,0.13777950033545494,0.36581478267908096
0.1573298287888368,0.17338124211005568,0.13937747975190481,0.3590469608704249
0.15497680380940437,0.1736342377020343,0.13637499511241913,0.3720361640055974
0.15633688618739447,0.17390834212868111,0.1380797637005647,0.3651424174507459
0.15453662599126497,0.1741100142795058,0.13577132920424143,0.375305878619353
0.15515281011660895,0.1743547318971048,0.13656069586674371,0.37184225271145505
0.15437824030717215,0.17463980463980464,0.13556544110178947,0.37625600894292194
0.15657346695661545,0.17491846195236027,0.1383402223388354,0.3646649246414502
0.1560706781844298,0.17520301732166138,0.13769418622056642,0.36752981940905255
0.1540675995250543,0.17547970861530182,0.1351428652803103,0.3784946898619334
0.15525851771235466,0.17576591957947887,0.13664094607035318,0.372351477543513
0.15492970372239748,0.1760280209432752,0.13620902597904205,0.37441351016362506
0.15481027836600939,0.17629519256637902,0.13605196153124174,0.3751663342118263
0.1539431524773439,0.1765949587136028,0.13492714862028757,0.38032008707523346
0.15315858523050943,0.17687454729827612,0.1339139106372992,0.3848934893806775
0.15363141894340515,0.17713861468098757,0.1345099334915479,0.38242973387241364
0.15274609376986822,0.17739502493739784,0.13335824633638063,0.38775694618622464
0.15416631599267325,0.17767595869290784,0.13518515974283218,0.3796231398979823
0.1540684886276722,0.1779488214233977,0.13505792493621507,0.3802112514774005
0.1541823223233223,0.17823161772314317,0.13519047821561495,0.3798368548353513
0.15376316756010056,0.17849227044142296,0.13463090235988298,0.38264531393845874
0.15299362068374953,0.17874361043852569,0.133637897670269,0.3871144379178683
0.15387188146511713,0.1790050909542435,0.1347623554368814,0.3821905379494031
0.15324614072839418,0.1793019598104344,0.13395249346892038,0.3858729725082715
0.15272720406452814,0.17957792678131662,0.13328013941645622,0.38894129792849225
0.15322177981336912,0.1798452018791002,0.13391070316235223,0.3862215504050255
0.15215853229165077,0.18011206307816477,0.1325450117389361,0.3922704557577769
0.15212814634044966,0.18041503694046068,0.13251887386043867,0.39218541731437045
0.14979959900180498,0.18067506881066203,0.12947051351269087,0.40658168246348697
0.1517158883313338,0.18095103578154426,0.13195827106634775,0.3951523577173551
0.1515547496577104,0.18124035098611369,0.1317324091990789,0.3964467793703079
0.1503619501988093,0.18148755199602656,0.1301902843018373,0.4034333402911822
0.1516723521053791,0.18175813828356202,0.1319054582466682,0.3953378697236379
0.14989139884710312,0.18205883570290352,0.1295880333830913,0.40606730182965595
0.14916570857167244,0.1823480474327932,0.12862269207835197,0.4108603621522586
0.1490981454650561,0.18264864137745496,0.1285370091597239,0.4112227261066437
0.15066619465748468,0.18294375116409015,0.13059185817837715,0.40148666004339856
0.15091487020254135,0.18322240847664578,0.1309445562462012,0.3994062567750613
0.1482751245299975,0.18351244800397343,0.12749099545180798,0.41568257411321
0.14819051573673883,0.18381573229030856,0.12738170412679514,0.416176234682401
0.14782219752669334,0.1841232590385133,0.12692025428016981,0.41803886741399765
0.14821485926707587,0.1844023302497879,0.12742033724983534,0.4158904552459717
0.14741584161917368,0.18469909563129905,0.1263916486253341,0.42048386484384537
0.14680324867367744,0.18502742079013268,0.1255940372745196,0.4241842230161031
0.14814876144131026,0.18534581237971068,0.12738082682092985,0.4153587246934573
0.14701174075404802,0.18566347964653052,0.12589349846045175,0.42236489057540894
0.14649797727664313,0.18596790215434283,0.1252420966823896,0.4251176218191783
0.14714261392752329,0.1863093685975042,0.12612651598950228,0.420321948826313
0.14506358777483305,0.18660685830177356,0.1233518806596597,0.4342341497540474
0.14630075668295225,0.1869254568407111,0.12503837297360101,0.4252477064728737
0.14435125639041266,0.18722511951325513,0.12245413661003113,0.43794238070646924
0.145151120920976,0.18754195898263698,0.12359217802683513,0.4311788852016131
0.14406296238303185,0.187859522774777,0.12211245857179165,0.439010093609492
0.14397131899992624,0.1881561846816084,0.12201190864046414,0.4391881947716077
0.14327138289809227,0.18845357091119802,0.12113869500656922,0.44265378763278324
0.14230426400899887,0.1887612011340825,0.11985315755009651,0.4490221291780472
0.14262067899107933,0.18906552016721512,0.12033853741983573,0.445642814040184
0.14268649369478226,0.18935576664390225,0.1204488134632508,0.44475366920232773
0.14193982755144438,0.18962790505163388,0.11949784122407436,0.4488397265474002
0.141449565688769,0.1899350179011196,0.11885437990228336,0.4519037256638209
0.14047098408142725,0.19019960265722977,0.1176323654750983,0.45677236715952557
0.13971160848935446,0.19046511868545768,0.11660815092424552,0.46206917117039364
0.13977783049146333,0.19073187640984252,0.11671635198096435,0.4612295354406039
0.1405667389432589,0.19098218166014777,0.11786750641961892,0.45398466289043427
0.13814263542493185,0.19122462283479233,0.11458117328584194,0.47122926513353985
0.13876827185352644,0.19148134351524182,0.11548173303405444,0.46573083351055783
0.1386513722439607,0.19171850748121935,0.11540568930407365,0.46491363892952603
0.13871935506661734,0.19195691314335384,0.1156590785831213,0.461205559472243
0.1367785707116127,0.19219200761573643,0.11294091368714969,0.47675315539042157
0.13859005644917488,0.19243496616377972,0.11555539009471734,0.4606933419903119
0.13667859385410944,0.19267192318039777,0.11300249584019184,0.47352196524540585
0.13582448164621988,0.19288156288156288,0.11186696713169415,0.4791502853234609
0.13500617196162543,0.19307754392500157,0.11084766499698162,0.48317013184229535
0.13351982335249582,0.1932556238488442,0.10881381047268708,0.494120217859745
0.13365738838911057,0.19340442043831874,0.10910736272732417,0.4910005107522011
0.1336822845041752,0.1936069203865814,0.10917154513299465,0.4902147476871808
0.13382631043593088,0.19379886591751,0.10949614209433396,0.48660335938135785
0.1329922154545784,0.19401398977670165,0.10846875235438347,0.49046921481688815
0.1316566914319992,0.19421379938329092,0.10672326696415742,0.49866849184036255
0.13203206658363342,0.19439870863599676,0.10734968197842439,0.4936477169394493
0.13161860530575117,0.19459810434386704,0.10693028445045154,0.4937664121389389
0.13106973841786385,0.19482047143064093,0.10618400759994984,0.4977145691712697
0.1288018524646759,0.19500465636058856,0.10313163014749686,0.5134044388930002
0.12934009482463202,0.19518397798058815,0.10406563617289066,0.5054891581336657
0.12884334847331047,0.19537168104964714,0.10353359083334605,0.506195125480493
0.1279245230058829,0.19553227375261273,0.10238862782716751,0.5107179234425226
0.12814617219070593,0.19570766333478196,0.10273646687467893,0.5081941435734431
0.12670842682321867,0.19588915792305622,0.10088640699783961,0.5164403468370438
0.12671716573337713,0.19604664638562944,0.10103459656238556,0.5136514380574226
0.1253794264048338,0.19620278967736599,0.09919608881076176,0.5236667717496554
0.12607255826393762,0.19639069969578443,0.10053570133944352,0.5107371186216673
0.12566115769247213,0.19656536495519544,0.10012888970474403,0.510645367205143
0.12308274271587531,0.19671550671550672,0.09643584738175075,0.5329378818472227
0.12336479065318902,0.19688551561432915,0.09712491432825725,0.5247974892457327
0.12305312044918537,0.19706018087374022,0.09675882135828336,0.5258859892686208
0.12279079916576545,0.1972314314687196,0.09660137382646401,0.523788516720136
0.12244604403773944,0.197403095962418,0.09648684225976467,0.519184040526549
0.12241733198364575,0.19755872188075577,0.09642686073978742,0.5198093950748444
0.12084577170511086,0.1977281099314998,0.09448887283603351,0.5271379550298055
0.12056122658153375,0.1978824941536806,0.09438028807441394,0.5236187800765038
0.11974312923848629,0.19803698185054117,0.09332840517163277,0.5282944763700167
0.11924796737730503,0.19819260776887895,0.09282254489759605,0.5285084421435992
0.11793408232430617,0.19835299352248503,0.09109753184020519,0.5367309898138046
0.11758363619446754,0.19848088822665091,0.0906634187946717,0.5384043082594872
0.11715574810902278,0.19860712733594088,0.09055436154206593,0.5320277238885561
0.11657817972203095,0.19872188075577907,0.08987463762362798,0.5340707947810491
0.11561709083616734,0.19885081020674242,0.08892878952125709,0.5337660163640976
0.1153882114837567,0.19899122534715755,0.08870723098516464,0.5336196174224218
0.11569714173674583,0.1991219138676766,0.0894315845022599,0.525311122337977
0.11438252342243989,0.19927433207094225,0.0878760249664386,0.5301299542188644
0.11332281492650509,0.19941640280623332,0.08628459709386031,0.5407643392682076
0.11293785646557808,0.19955547277581176,0.08609778247773647,0.5368014524380366
0.11194989209373792,0.19967012272097018,0.08481963103016217,0.5426052212715149
0.11114195051292579,0.1997789780840628,0.0839452464133501,0.5439340571562449
0.11049491477509339,0.19987158792243542,0.08321699313819408,0.5455584277709326
0.11056218606730302,0.1999857204941951,0.08374529331922531,0.536337822675705
0.10966870002448559,0.20011216655284453,0.08271073984603088,0.5391591861844063
0.10879277934630711,0.20023136938391176,0.08154518095155557,0.5449519405762354
0.10826751279334228,0.20033753440533103,0.08130195053915183,0.5393112202485403
0.10757485032081604,0.20044204383187436,0.08014522741238277,0.5485924482345581
0.10708735883235931,0.20055017487220878,0.07989743165671825,0.5437985137104988
0.10597861682375272,0.20063968047018893,0.07856751854221027,0.5482219457626343
0.10553593002259731,0.20071852817615532,0.07828493975102901,0.5450197805960973
0.10520855275293191,0.2008144492042797,0.07822108827531338,0.5397492597500483
0.10477412243684132,0.2009232010926926,0.07794814681013425,0.5365195075670878
0.10370101407170296,0.20102957306347138,0.07631347452600797,0.5477507511774699
0.1030956394970417,0.20113739367976657,0.07571119690934817,0.547688826918602
0.10306983441114426,0.2012256575815898,0.07627329789102077,0.5359307006001472
0.10151673294603825,0.2013310982802508,0.07391638929645221,0.5520068456729254
0.10155782227714856,0.20144512737733078,0.074317192658782,0.5448125849167506
0.10059990858038266,0.20152376813393763,0.07364423324664433,0.5391134868065516
0.10002496093511581,0.20162300035181394,0.0727326578150193,0.5458460450172424
0.09972935045758884,0.20171105730427766,0.07257272365192573,0.5431324938933054
0.0997005794197321,0.2017852486496554,0.07317486219108105,0.5305143271883329
0.09833127384384473,0.20187672026655076,0.07125766947865486,0.5414720773696899
0.09748836606740952,0.2019724343453157,0.07002654857933521,0.549236332376798
0.09789692051708698,0.20205966350034146,0.07128512983520825,0.5322357937693596
0.0965212310353915,0.2021294054344902,0.06966759885350864,0.537072628736496
0.09592751848200957,0.20220628712154137,0.06874046102166176,0.5437411367893219
0.09518709902962048,0.20227375261273567,0.0678336371978124,0.5470692366361618
0.09512012389798959,0.20234773700875397,0.0683135346819957,0.5361317843198776
0.09459291522701581,0.20241178783551664,0.06765314688285191,0.5387953619162241
0.09371643451352914,0.20247159620040978,0.06695715803653002,0.5351855258146921
0.09371632461746533,0.20252767947683203,0.06719144247472286,0.5304976254701614
0.09314942670365174,0.20256513731090003,0.06669142345587413,0.5291600227355957
0.09269345303376515,0.20262515262515263,0.06620329556365807,0.5298031171162924
0.09146387316286564,0.20267192318039776,0.0644978005439043,0.5393214623133341
0.09158505996068318,0.20272262577347322,0.06542746629565954,0.5231518546740214
0.0905104149132967,0.20277808820181703,0.06330368698885043,0.5441345572471619
0.0906272033850352,0.20283003249104944,0.06434143893420696,0.5257152517636617
0.08954256710906823,0.20287514745141863,0.06254792430748542,0.5398928274710973
0.08982506704827149,0.2029323689493181,0.06362456393738587,0.5240100597341856
0.08859932981431484,0.20299848926967567,0.06233120212952296,0.5253625214099884
0.08799358581503232,0.20305405517269923,0.06120368869354328,0.5357979337374369
0.08778216689825058,0.2030927547029242,0.061249009954432644,0.5306631227334341
0.0871229749172926,0.20312131371453407,0.06053019966930151,0.5318555136521658
0.08692671979467075,0.2031644626559881,0.06069331088413795,0.5246681595842043
0.08702566164235274,0.20319084869932327,0.061488683335483074,0.5107395574450493
0.08612660008172195,0.20323275594462034,0.060073173294464745,0.5210685506463051
0.08571735148628552,0.2032818029428199,0.059513495303690434,0.5240771298607191
0.0845828503370285,0.20332029552368536,0.05804223877688249,0.5308122262358665
0.08530622410277526,0.20336851472444695,0.05958544214566549,0.5144156341751417
0.08427734362582366,0.2034098011216655,0.05815556086599827,0.5224356551965078
0.08407248556613922,0.20345626125287145,0.058059661028285824,0.5202564696470896
0.0833944771438837,0.20348419941640283,0.05694425292313099,0.5290044893821081
0.08308126963675022,0.20350996461165952,0.056856111933787666,0.5245031664768854
0.0827308651059866,0.20353272904120362,0.056997542890409626,0.5146664306521416
0.08252454983691375,0.20355321702779328,0.05713794752955437,0.5077320237954458
0.08215597706536452,0.20358156909004366,0.05664718275268873,0.5101758862535158
0.08184572247167428,0.20361178369652944,0.05619058075050513,0.5131028195222219
0.08138206663231055,0.2036427226257735,0.05572319713731607,0.5131773799657822
0.08111387180785339,0.20367624842201115,0.0559337850039204,0.5036017422874769
0.08071753320594628,0.20370046149707166,0.055178901801506676,0.5107726405064265
0.08031400665640831,0.20371184371184373,0.05503224364171425,0.5056352590521177
0.07983779658873875,0.20372633016700814,0.05425311749180158,0.5116935993234316
0.07944914326071739,0.20374216179300925,0.0543834213167429,0.5013144413630167
0.07939859728018443,0.2037445417106434,0.05405648952970902,0.5068421239654223
0.07917126516501109,0.20375902816580782,0.05411123732725779,0.5012005418539047
0.07847107325990994,0.20378003352579624,0.05313650673876206,0.5066913440823555
0.07819833482305209,0.20378613853190125,0.05298469401896,0.5042728160818418
0.07788062902788322,0.20379969371494794,0.05294692857811848,0.49867402762174606
0.0781252874682347,0.20380579872105298,0.0531821750725309,0.49886223425467807
0.07734996763368447,0.2037954512530784,0.052381730638444424,0.49936475108067196
0.0768488875279824,0.20378665590529996,0.05171074873457352,0.5027627696593603
0.07691081551214059,0.203792760911405,0.052172135251263775,0.49477358907461166
0.07649003652234872,0.20380165973386313,0.05146056537826856,0.5005893881122271
0.07623018510639668,0.2038000041389872,0.052032713467876114,0.4839494079351425
0.0762082114815712,0.20379400260756192,0.05203537984440724,0.4834566091497739
0.07574162632226944,0.20379027751909107,0.05139154102653265,0.4870017046729724
0.075231047347188,0.2037650296972331,0.050757648112873234,0.4894680082798004
0.07520521245896816,0.20376792698826598,0.050506865295271076,0.4939669345815976
0.07487904094159603,0.20376792698826596,0.0503323320299387,0.49093417823314667
0.07467568914095561,0.2037612011340825,0.050565884759028755,0.4821960801879565
0.07477208847800891,0.20374578340680036,0.050677694380283356,0.48188787202040356
0.07438665442168713,0.20372995178079925,0.050584327119092144,0.4760465572277705
0.07385585767527421,0.20370925684485008,0.04965382100393375,0.4840407247344653
0.07370503184696038,0.20368752716210345,0.04952698573470116,0.4835609247287114
0.07342973599831264,0.20366403840980113,0.04955187222609917,0.47755726675192517
0.07355740666389465,0.2036445851700089,0.050043719510237374,0.4702737306555112
0.07292827405035496,0.2036195442975104,0.04876696256299814,0.4832262471318245
0.07258292846381664,0.20359802156412327,0.048734811755518116,0.476962315539519
0.0725687276571989,0.20356459924256537,0.04877097439020872,0.47595508644978207
0.07244126374522845,0.2035371784524327,0.0491082388907671,0.4666604871551196
0.07229823557039101,0.20351824258603918,0.049101775201658406,0.4639291912317276
0.0720171108841896,0.20347105813207508,0.04879240288088719,0.4644941488901774
0.07171452169617017,0.20342666749446414,0.0484682722017169,0.46492497871319455
0.07171544743080933,0.20337875871774178,0.048336017255981766,0.4675885885953903
0.07136478585501511,0.2033253657829929,0.04760337465753158,0.4752282251914342
0.07129465912779172,0.2032833550630161,0.04837773088365793,0.45833855370680493
0.07114668935537338,0.20323813662796714,0.04799946335454782,0.46294451504945755
0.07104863164325555,0.20319550505991182,0.04859641504784425,0.4490443244576454
0.07086555908123653,0.2031558742575692,0.04799852054566145,0.4573407794038455
0.07068862145145734,0.2031133461641936,0.04789424625535806,0.45588748902082443
0.07003612816333771,0.20307299103909274,0.0470033393551906,0.460655781129996
0.07007069451113541,0.20302539268640962,0.04725132851550976,0.45638731370369595
0.06992198464771111,0.202966619068314,0.047317635267972946,0.45208699504534405
0.0698945764452219,0.20291539910183978,0.04778318634877602,0.4422278006871541
0.06989423433939616,0.20285238302187453,0.04763499119629463,0.4451848541696866
0.0693495428810517,0.20278698702427517,0.046993182661632694,0.44712719817956287
0.06918463483452797,0.20273307671612756,0.04656329626838366,0.4524267663558324
0.06944694928824902,0.20267285445251548,0.047598808693389096,0.43696279078722
0.0691194732983907,0.20261511558121728,0.047225618114074074,0.437877116103967
0.06895964716871579,0.2025592392541545,0.047069075206915535,0.4378114144007365
0.06891601408521335,0.20249829266778419,0.04723200326164564,0.4336802139878273
0.06867165304720402,0.2024310341259494,0.0468261002873381,0.43691103905439377
0.06865039902428786,0.20236015397032345,0.047082972091933094,0.431348517537117
0.06829142943024635,0.20230138035222778,0.04650496691465378,0.4357292205095291
0.06809349544346333,0.20222139442478426,0.046383083487550415,0.4342082391182582
0.06804633823533852,0.20215123859191658,0.04660624855508407,0.4288017923633258
0.06776193156838417,0.2020706318163945,0.04622449663778146,0.4307486911614736
0.06768699859579404,0.20199354317998386,0.04591448760281006,0.4354502260684967
0.06765570926169555,0.2019101425881087,0.04666602828850349,0.41979361573855084
0.06738090204695861,0.20181691190165765,0.045697473300000034,0.4336685662468274
0.06728250036636989,0.20172430206328512,0.046002998327215515,0.42559000849723816
0.06737799135347207,0.20163262349703026,0.04648270426938931,0.4179057255387306
0.06715152102212112,0.20154177272821341,0.04619244175652663,0.41918155799309414
0.06701692938804626,0.20145133585811553,0.04569916085650524,0.42635536442200345
0.06655901484191418,0.20135086194408228,0.04531256233652433,0.42492904514074326
0.0668217937151591,0.20125794168167052,0.046121468767523766,0.414006474117438
0.0667677919069926,0.20115457047660437,0.046203880881269775,0.4112781956791878
0.06674155717094739,0.20106289191034954,0.046075986698269844,0.4133114020029704
0.06637875673671563,0.20096603961010742,0.045532003665963806,0.4169350539644559
0.06631500460207462,0.20086277187972104,0.04577910962204138,0.410717894633611
0.06639622648557027,0.20076685085159662,0.04596048779785633,0.40871476630369824
0.06616930415232976,0.20066761863372035,0.04594873854269584,0.40441130846738815
0.06587511052687962,0.20056714471968712,0.0455834132929643,0.4058339347441991
0.06590897465745608,0.20046449783737919,0.045712851298352085,0.4039224659403165
0.06592375847200553,0.20036578299290164,0.046083295717835426,0.39680924266576767
0.06565701402723789,0.20025216779454066,0.04546583785365025,0.4038235197464625
0.0660268912712733,0.20013637962790506,0.04615728619198004,0.3973920966188113
0.06563518196344376,0.20002131578402768,0.0455668301632007,0.40136702607075375
0.06551627007623513,0.19990294075039838,0.04579096380621195,0.3945061167081197
0.06527374126017094,0.19979160199499182,0.04549524995187918,0.3955698112646739
0.06533529609441757,0.19968471265081436,0.045446814969182014,0.39776961505413055
0.06480183949073155,0.19955868049088388,0.04511160093049208,0.39380477368831635
0.06502508682509263,0.19944392707104572,0.045133404433727264,0.397833655277888
0.06527383625507355,0.19931023778481405,0.04619001845518748,0.3816763609647751
0.06493026639024417,0.19918596469443928,0.045306879406174026,0.3924677222967148
0.06488051141301791,0.19905155108544942,0.045447519980371,0.3886598100264867
0.06480785645544529,0.19891724095113927,0.04548772176106771,0.3864026889204979
0.0645578671246767,0.19879669294923533,0.04491026792675257,0.39295198023319244
0.06439826140801112,0.19866465925787957,0.044900093538065754,0.3899633561571439
0.06456273421645164,0.19852579623766065,0.04549178667366505,0.38141893843809765
0.06438383956750234,0.19839686678669732,0.04506900502989689,0.38629666715860367
0.06469046200315158,0.19825386477928852,0.045999493139485516,0.37381938596566516
0.06414833354453246,0.19812731524595933,0.04508562510212263,0.3812541589140892
0.06412141521771748,0.19798431323855054,0.045421877255042396,0.373990739385287
0.06438370111087958,0.1978362409718342,0.04599052760750055,0.3678634787599246
0.0640022661536932,0.19767709691438504,0.04526112414896488,0.37482281029224396
0.0639020608117183,0.19750543242068666,0.04509682673960924,0.3761046876509984
0.06377233440677325,0.19733387140166803,0.04531083473314842,0.3692299822966258
0.06365437029550473,0.19716996750895055,0.04501653586824735,0.37275667240222293
0.06346145520607631,0.19698019494629665,0.044583000242710114,0.37756908933321637
0.06371254660189152,0.19677510813104032,0.045194556936621666,0.3703597808877627
0.06356449238955975,0.19657095258790175,0.045057015803953014,0.37014950315157574
0.06335233865926664,0.19636338238033155,0.044791621466477714,0.3712143401304881
0.06329677812755108,0.19614225698971463,0.044733464096983276,0.3712662806113561
0.06334888003766537,0.19591513006767242,0.04512869783987602,0.3644036253293355
0.06323236258079608,0.19566234142505332,0.04494651065518459,0.36571704347928363
0.06335911899805069,0.19539496285258998,0.04563202212254206,0.35454193005959195
0.0631485643486182,0.19511785766023057,0.04528586162875096,0.357254055639108
0.06317896426965793,0.19481509074729417,0.0451751509681344,0.36007627348105115
0.0631870763997237,0.1944903872022516,0.0455807081113259,0.35212739060322445
0.06298612368603547,0.19411415326669562,0.044848467533787094,0.36275312801202136
0.06303434291233619,0.1936932182694895,0.045342459032932915,0.35383768379688263
0.06283281091600657,0.1932058525278864,0.045132675829033055,0.3540026967724164
0.06268895324319601,0.19267978725605844,0.04481731510410706,0.3574327478806178
0.06267690906922023,0.19205593841187063,0.044900559509793915,0.35552698622147244
0.062320846443374954,0.19121851782868735,0.04428502172231674,0.36071646958589554
0.06260155234485865,0.19016245524720102,0.044962888273100056,0.3527732640504837
0.06255891422430675,0.18896049336727302,0.04493442332992951,0.352489838997523
0.06262928775201242,0.18773224891868961,0.04514584504067898,0.34966885050137836
0.06224243901669979,0.18929212971585851,0.0444762526700894,0.3553237169981003
0.06222552371521791,0.255300076571263,0.04495948553085327,0.3453207512696584
0.06243715435266495,0.6828192711243559,0.0453481146444877,0.34178077429533005
0.06199941256393989,0.7679125018108068,0.04439603444188833,0.3520675525069237
0.062160056084394455,0.7848614474038204,0.04463453032076359,0.3505105103055636
0.06221642872939507,0.7914127398025703,0.045116813542942204,0.34199229379494983
0.06199159535268942,0.794757351875996,0.04497548441092173,0.34032223125298816
0.06202197168022394,0.7968510585459738,0.04497046458224455,0.3410301133990288
0.06204067232708136,0.7983779309203037,0.044780523826678596,0.3452029700080554
0.0618911844988664,0.7994640011589164,0.044813827611505985,0.3415471240878105
0.06207872709880272,0.8002758634962025,0.04552471855034431,0.3310801610350609
0.06196476115534703,0.8009419300097267,0.04533283784985542,0.3326384673515956
0.061782943084836006,0.8015575008795348,0.044980183554192386,0.3360551769534747
0.06169290002435446,0.8020466256906934,0.0449307340507706,0.3352433343728383
0.061725874431431293,0.8024729413712464,0.04492160708953937,0.33608533442020416
0.061697195594509445,0.8028559011609859,0.045231496915221214,0.3293139785528183
0.06163532162706057,0.803190952174003,0.045091589291890465,0.33087464173634845
0.061650044905642666,0.8035027213840773,0.04510618125398954,0.33087726185719174
0.061618286495407425,0.8037900705697316,0.04511265425632397,0.33011263608932495
0.06160042559107145,0.8040658305912544,0.045418672263622284,0.32363507399956387
0.06157647228489319,0.8043165497402786,0.04520235241701206,0.32748239239056903
0.061608340591192245,0.8045536102315763,0.04544075454274813,0.32335172096888226
0.0615821381409963,0.8048210922787193,0.04554725872973601,0.3206975882252057
0.06163687352091074,0.8050498747956375,0.04581597913056612,0.3164178828398387
0.06114697487403949,0.8052619978891166,0.04462795394162337,0.3303804049889247
0.06100820625821749,0.805491090830074,0.04474846242616574,0.32519486794869107
0.061264971581598125,0.8057157343598021,0.04496019954482714,0.32609543204307556
0.061194321140646935,0.8059158543904308,0.045013887497286,0.3236086616913478
0.0609901479134957,0.8061093520415554,0.044535472678641476,0.32909349352121353
0.0612636161968112,0.8062897084083525,0.04532281340410312,0.31881604840358096
0.0612271074205637,0.8064798948697254,0.04527237763007482,0.31909459084272385
0.06112797775616249,0.806684878210302,0.04528422529498736,0.31687503308057785
0.06129637981454531,0.8068593365203535,0.0456829189012448,0.31226921329895657
0.06095340537528197,0.8070247925332671,0.04516343710323175,0.31579935799042386
0.06108591488252083,0.8071996647420376,0.04545449558645487,0.3126283859213193
0.060980167550345264,0.8073819871277499,0.04526400690277418,0.31432321667671204
0.061130379947523274,0.8075373026220484,0.045819914589325585,0.30620929847160977
0.060870156002541385,0.8076927215910266,0.04514009288201729,0.3146012748281161
0.061093452386558056,0.807840379959024,0.045786320542295776,0.3061426306764285
0.06092220110197862,0.8080095610604084,0.04543852433562279,0.3096735154589017
0.060663046004871525,0.8081703607127335,0.04500076702485482,0.31324557463328045
0.060943612828850746,0.808340783510275,0.04571153533955415,0.3046415348847707
0.06096031982451677,0.8085108958837772,0.045681687692801155,0.30557263642549515
0.060877155202130474,0.8086672461248732,0.04580194968730211,0.30150410532951355
0.06037571684767803,0.8088412905362058,0.044580413649479546,0.3159060577551524
0.0606250741208593,0.8089990894228182,0.045118515069286026,0.31013117730617523
0.061084158097704254,0.80913681422156,0.046184725128114223,0.2979886506994565
0.06061881190786759,0.8093076509178204,0.0453079662596186,0.30621691048145294
0.06035420640061299,0.8094707270130999,0.04494314299275478,0.3082212557395299
0.06088290518770615,0.8096291467477907,0.04615854285657406,0.29448723047971725
0.060609904738763966,0.8097743217234743,0.04548227538665136,0.30255258331696194
0.060773249405125775,0.8099367769706752,0.04574633824328581,0.30053820709387463
0.06039384876688322,0.8100770886364106,0.045125577288369335,0.3053654183944066
0.06065026639650265,0.8102167794540676,0.04573732397208611,0.29825883855422336
0.06038338256378969,0.8103758200368371,0.045342604629695415,0.30081555247306824
0.06078129758437475,0.8105078537281927,0.04611970360080401,0.29323186973730725
0.06027248998483022,0.8106559259949091,0.04528679450352987,0.2997139145930608
0.06031844516595205,0.8108109310651683,0.04522941137353579,0.3017806534965833
0.06039633850256602,0.8109558990914925,0.04553980349252621,0.29713068654139835
0.06023417661587397,0.8111100763643136,0.04525893398871025,0.2995048488179843
0.060323648465176426,0.8112601146499451,0.04541368627299865,0.29819923639297485
0.060306198274095855,0.8114140849734071,0.04566443711519241,0.29283521076043445
0.06032366616030534,0.8115539827404235,0.04560047512253126,0.294463815788428
0.060262441945572696,0.8116886032987728,0.04566197221477827,0.2920093908905983
0.0602325868482391,0.8118375033629271,0.04528766435881456,0.29889844606320065
0.060354181565344334,0.811972744769355,0.04592115214715401,0.28866057842969894
0.06030499438444773,0.8121088139732208,0.0459065738444527,0.2879684120416641
0.06051653530448675,0.812238157322903,0.04635308620830377,0.2832689732313156
0.0601981912429134,0.8123664659257879,0.04561444247762362,0.2916749641299248
0.059957580330471195,0.8125242648124005,0.04559241980314255,0.28730320930480957
0.06042696163058281,0.8126698536868029,0.04619767082234224,0.28458580126365024
0.06004247503976027,0.812802197802198,0.04545870920022329,0.29167531927426654
0.05987422168254852,0.8129318515759194,0.04519062303006649,0.2936719631155332
0.05997392597297827,0.813073301463132,0.04528497904539108,0.2937789286176364
0.06033341586589813,0.8132113366859128,0.046219611540436745,0.28227608650922775
0.060178094543516636,0.813332298586536,0.04606924547503392,0.2821769764026006
0.06028245637814204,0.8134528465884397,0.04625124049683412,0.28062429775794345
0.059952049516141415,0.8135961590198878,0.04563632172842821,0.28631454209486645
0.06001504324376583,0.8137390575526169,0.04587936773896217,0.28271350512901944
0.05998247551421324,0.8138857846484966,0.045751853846013546,0.28461243212223053
0.06003820182134708,0.8140218538523624,0.04604499787092209,0.279864065349102
0.059883027958373226,0.8141659940812482,0.04576641538490852,0.28233225643634796
0.059910175390541553,0.814303304981271,0.045979171680907406,0.2786200667421023
0.060077037972708545,0.8144437201216863,0.046020423683027424,0.2811322833100955
0.05992488842457533,0.814579375426833,0.04579079834123453,0.28268179545799893
0.05988757032901049,0.8147011651248939,0.04577499721199274,0.2822514573733012
0.06000506008664767,0.8148398211957534,0.04629064071923494,0.2742883811394374
0.05990751304974159,0.814978787690652,0.04599260290463766,0.2782981942097346
0.059685456876953445,0.8151159951159951,0.0454466346030434,0.2847764293352763
0.05987156741321087,0.8152526851679394,0.04593004503597816,0.2788304463028908
0.05979450047016144,0.8154028269282507,0.04588413673142592,0.27820726732412976
0.06003338564187288,0.8155526582645227,0.04637162325282892,0.2732352341214816
0.05981264046082894,0.8156892448417872,0.04594805215795835,0.27729175488154095
0.060042859675983586,0.8158208646344238,0.04639433138072491,0.2729705646634102
0.05971807769189278,0.8159446203514,0.04588286392390728,0.2767042691508929
0.05973641139765581,0.8160903127004823,0.046022893860936165,0.27427033334970474
0.05965287579844395,0.816231348688976,0.045868207390109696,0.2756933669249217
0.05964197963476181,0.816358312121024,0.045703654177486897,0.2787665029366811
0.05951493140310049,0.8164915875085367,0.04574026974538962,0.27549322446187335
0.059854963794350624,0.8166106868649241,0.046374883192280926,0.26960160210728645
0.059709191943208374,0.8167282341011154,0.0461954390630126,0.2702750538786252
0.05977538445343574,0.8168527141408497,0.046108740692337356,0.2733328739802043
0.05956019895772139,0.8169774011299435,0.045844429172575474,0.27431538452704746
0.05977076354126135,0.8171022950683967,0.04616711661219597,0.2720729286472003
0.0596572095528245,0.8172184971337514,0.0462365560233593,0.26841306686401367
0.059640285558998585,0.8173388381862958,0.04615199565887451,0.26976578185955685
0.05923090844104687,0.8174467622772708,0.04539977883299192,0.27662259091933566
0.05969015043228865,0.8175722770638025,0.04636194774260124,0.2665640364090602
0.059736388425032295,0.8177085532170278,0.04646864999085665,0.2653547674417496
0.059709192564090095,0.8178417251298606,0.04632616446663936,0.26766056194901466
0.059822797464827694,0.8179667225429937,0.04661731825520595,0.26410957301656407
0.05950458409885565,0.8180951346205585,0.04607664203892151,0.2685588387151559
0.059585087622205414,0.8182188903375344,0.04621093471844991,0.26748304565747577
0.05972418220092853,0.8183322985865359,0.04664768340686957,0.26152996718883514
0.05962758604437113,0.8184624697336562,0.04644851324458917,0.2635814386109511
0.05977620153377453,0.8185849837544753,0.04672953051825365,0.26093341285983723
0.0595392215376099,0.8186970468326401,0.04638669608781735,0.26305050651232403
0.05961539192746083,0.8188198712774983,0.046494410994152226,0.26241961121559143
0.05955574754625559,0.81892914053931,0.046268306051691376,0.26574882368246716
0.05932907139261564,0.8190541379524431,0.04584692232310772,0.2696429764231046
0.059526944843431316,0.8191828604540469,0.04640576678017775,0.2624235550562541
0.0595740353067716,0.8193166532149583,0.04639998668183883,0.263480960081021
0.05938815511763096,0.8194329587549927,0.04623712319880724,0.2630206284423669
0.059538631389538445,0.8195655098197471,0.04644238638381163,0.2619248889386654
0.05932168693592151,0.8196849196001739,0.04617548268288374,0.26292407140135765
0.0598547604555885,0.8198023633616854,0.047262447575728096,0.2518462501466274
0.059168566949665546,0.8199131847436932,0.045829455368220806,0.2667822291453679
0.05953272680441538,0.8200227644295441,0.04659543807307879,0.25874575848380726
0.059235614724457264,0.8201383456468202,0.046035176453491054,0.2640087554852168
0.05938716729482015,0.8202626187371949,0.04630254736791054,0.2616923935711384
0.05954680902262529,0.8203746818153597,0.04683683129648367,0.2541995371381442
0.059601595935722194,0.820480019039341,0.04686390391240517,0.25475382556517917
0.05958692884693543,0.8205837006684464,0.046789028060932956,0.2559580107529958
0.05961523080865542,0.8206875892469113,0.046755642319718994,0.2571917610863845
0.05948572947333256,0.8207845450218331,0.046761865727603436,0.25447727367281914
0.059642696442703404,0.8208816042714348,0.04690564082314571,0.2547411012152831
0.05922027459988991,0.8209838372550236,0.04610482479135195,0.2623089837531249
0.05933877887825171,0.8210944516876719,0.046375940553843975,0.2592567751804988
0.05927143276979526,0.8212166552844519,0.04622674981753031,0.26089365283648175
0.05947835805515448,0.8213232342045901,0.046886142964164414,0.2518443080286185
0.05949692955861489,0.8214296061753688,0.04688855012257894,0.25216757381955784
0.059323507050673165,0.8215282175451667,0.046605631709098816,0.2543574956556161
0.059308857657015324,0.8216280706111214,0.04649591352790594,0.25625887637337047
0.059432144897679486,0.821743858777757,0.04667894293864568,0.25506402800480527
0.05940730652461449,0.8218538523623269,0.046743565859893955,0.2532747897009055
0.05946675563851992,0.8219504977132096,0.0468304343521595,0.2527264133095741
0.0591775622839729,0.8220385546656733,0.046306698893507324,0.257417269051075
0.05912633830060562,0.8221378903582294,0.04627388808876276,0.25704899802803993
0.059281536377966404,0.8222499534363941,0.04647524965306123,0.25612572332223255
0.059249103690187134,0.8223540489642185,0.04646725176523129,0.2556370260814826
0.05936103810866674,0.8224629043273111,0.046762912844618164,0.2519624891380469
0.059042361875375114,0.822570414519567,0.046251762037475906,0.2558120054503282
0.05939623061567545,0.822683615819209,0.04677896201610565,0.25234536081552505
0.059429648953179516,0.8228056124666294,0.04686465424795946,0.2512998916208744
0.05928168135384718,0.822898636203721,0.04663414228707552,0.2529507738848527
0.05944107628117005,0.8230041803770618,0.04695662980278333,0.2496889221171538
0.05919330349812905,0.8230937894497217,0.046608147832254566,0.251703105866909
0.05897755393137535,0.8232000579458207,0.046131489177544914,0.2569212851425012
0.05930369875083367,0.8233006353345336,0.046622357641657196,0.2536268134911855
0.05920642210791508,0.8234041100142795,0.04643953995158275,0.25533763815959293
0.05949114294101795,0.823497961548809,0.04713882288585106,0.24704639489452043
0.059318329518040024,0.8235915026592993,0.046921348509689174,0.24793961892525354
0.059208501130342484,0.823695391237764,0.04668422291676203,0.25048554688692093
0.05894858700533708,0.8237920365886466,0.04618259674559037,0.2553197965025902
0.05925595387816429,0.8238812317625878,0.04658320421973864,0.2534549906849861
0.0590291628614068,0.8239816022019413,0.046331556203464665,0.25395212570826214
0.059323232620954514,0.8240658305912544,0.046764555076758065,0.25117354715863865
0.05909912505497535,0.8241474721135738,0.04637408225486676,0.2545008348921935
0.05910049409916004,0.8242356325407172,0.04647971037775278,0.2524156632522742
0.05933307142307361,0.8243167566896379,0.04690822555373112,0.24849690745274225
0.059198370203375816,0.8243974669398398,0.046665227661530174,0.25066284214456874
0.059052485041320324,0.8244925601705262,0.046305510215461254,0.2549394716819127
0.059243750448028244,0.8245791684774736,0.046828373024861016,0.24830754597981772
0.059490740299224854,0.8246500486330997,0.0473014780630668,0.2437852385143439
0.059239721236129604,0.8247185488710913,0.04677643161267042,0.24926579495271048
0.05910286338378986,0.8248039154818816,0.04657420267661413,0.25057320048411685
0.0591960729410251,0.824894559301339,0.04673830047249794,0.24915544812877974
0.05908047966659069,0.8249826162538028,0.04651742707937956,0.25126104801893234
0.059031685503820576,0.8250852631361105,0.04647789088388284,0.2510758824646473
0.059046756786604725,0.8251853231514248,0.046519373854001365,0.2505476487179597
0.059150381945073605,0.8252694480660583,0.046675264524916805,0.24950233722726503
0.05888769682496786,0.8253503652656196,0.04629456313947836,0.25186266874273616
0.059136293828487396,0.8254264191552327,0.04671744971225659,0.24837686866521835
0.05897514522075653,0.8255025765195256,0.04641649934152762,0.2511729213098685
0.05905750238647064,0.8255905299973096,0.046653154926995434,0.24808694422245026
0.05911389117439588,0.825676310506819,0.0468104841808478,0.24606812993685404
0.058951023345192276,0.8257714037375055,0.04656225101401409,0.24777544289827347
0.05921219941228628,0.8258535626332236,0.046789149132867656,0.24846099317073822
0.05914675754805406,0.8259338589847065,0.046817366344233356,0.24658781041701636
0.058939915150403976,0.826010947621117,0.046365988440811634,0.25147852053244907
0.059164379412929215,0.8260974524533846,0.04667612910270691,0.2497649888197581
0.05893291346728802,0.8261800252478217,0.04639644486208757,0.25072935968637466
0.05902732039491335,0.826262598042259,0.04657071425269047,0.24913210794329643
0.05910298228263855,0.826352207114919,0.0469653115918239,0.2427534187833468
0.05903848788390557,0.8264329173651207,0.046527792078753315,0.2502139036854108
0.058891936826209225,0.8265026592992695,0.046390935157736145,0.2500200259188811
0.05902786242465178,0.82658388692287,0.04666309400151173,0.24729535852869353
0.05897344027956327,0.826663252002235,0.04657563132544359,0.247956162939469
0.05910457484424114,0.8267454108979533,0.046751296458144985,0.24706556151310602
0.058947899378836155,0.8268369859895284,0.04635665255288283,0.2518249365190665
0.059260992954174675,0.8269164545435731,0.04709902095297972,0.24323942760626474
0.05872201236585776,0.8269903354649117,0.04592215145627657,0.2559972157080968
0.05910177932431301,0.8270658719811262,0.04682209094365438,0.2455937440196673
0.05900152027606964,0.8271382007822685,0.04673984336356322,0.24523352831602097
0.05917573564996322,0.8272123921276463,0.04698947537690401,0.24372520173589388
0.05876923073083162,0.8272874112704621,0.0461902708436052,0.2515791828433673
0.05924409627914429,0.8273673971979056,0.04700809655090173,0.24471999456485113
0.05897668873270353,0.8274433476128391,0.046568979509174824,0.24815417701999345
0.05891474926223358,0.8275196084518117,0.04652569101502498,0.24778116246064505
0.05890913400799036,0.8276035264170856,0.046432853365937866,0.249525619049867
0.0591204542045792,0.8276662320730117,0.046804709980885185,0.24631487081448236
0.05923650258531173,0.8277322489186896,0.04712807262937228,0.24216858545939127
0.058813829285403095,0.8278056124666294,0.04626912251114845,0.25089412679274875
0.058943912076453366,0.827879907286687,0.046584920647243656,0.24717981865008673
0.05887529253959656,0.8279470623538419,0.04638224188238382,0.24986101811130842
0.059065205976367,0.8280277726040438,0.04675459240873655,0.24621227011084557
0.058850875745217,0.8281026882721798,0.046540659852325916,0.2462043116490046
0.05896132284154495,0.8281740858012046,0.04667552777876457,0.24571589628855386
0.058966781944036484,0.8282323420459013,0.0465946476906538,0.2474426676829656
0.058941000141203403,0.8283098445810311,0.04657292986909548,0.24736140916744867
0.05911675685395797,0.8283779309203038,0.04697136549899975,0.24290781468153
0.05927623684207598,0.8284439477659816,0.04722758258382479,0.24097307150562605
0.059029845210413136,0.8285100680863392,0.04681313317269087,0.24433423082033792
0.05896185617893934,0.8285682208563564,0.04667587671428919,0.24571958184242249
0.05870987009257078,0.828626684050413,0.04625207372009754,0.24915592869122824
0.05895930901169777,0.8286827673268353,0.046602496256430946,0.24713624268770218
0.058937798564632736,0.8287415409449307,0.04660061156998078,0.24674372871716818
0.0590403750538826,0.8288133523726744,0.046773167016605534,0.2453441433608532
0.05913183155159155,0.828861571573436,0.046960508140424885,0.24342646077275276
0.05908684401462475,0.8289165166283811,0.04691048494229714,0.24352715909481049
0.05893149506300688,0.8289645288797831,0.04673586847881476,0.24391252423326173
0.05875392040858666,0.8290303387761014,0.04637265888353189,0.24762522553404173
0.059148178746302925,0.8290874567993212,0.04704535969843467,0.24205637350678444
0.059131747111678123,0.829145816518698,0.0470964964479208,0.24070501079161963
0.05893530882894993,0.8291966225864531,0.046664515199760594,0.24541587010025978
0.05902476298312346,0.8292402889013059,0.04685718317826589,0.24335159733891487
0.05886296834796667,0.8293030980319115,0.0465202626461784,0.24685410410165787
0.05893049202859402,0.8293748059849755,0.04670390828202168,0.2445316674808661
0.05872932759424051,0.8294423749508495,0.04623672645539045,0.24985202153523764
0.05900043901056051,0.8295051840814552,0.046686998568475246,0.24626879890759787
0.05870894559969505,0.8295512303139422,0.04634524447222551,0.24727402006586394
0.05886897165328264,0.8296139359698682,0.046573358277479805,0.2459122637907664
0.058836160538097225,0.8296560501645247,0.0465350958208243,0.24602129186193147
0.05891924351453781,0.829697440036423,0.04660399599621693,0.24630494167407355
0.0587346184377869,0.829733759649014,0.04637804410109917,0.247131476799647
0.0589329544454813,0.8297794954574615,0.04666443324337403,0.24537041038274765
0.058890827000141144,0.8298172637155687,0.04657418901721636,0.24633275965849558
0.058794974349439144,0.8298713809730759,0.04636432106296221,0.24861305703719458
0.059004077377418675,0.8299269468760994,0.04694020779182514,0.2412773792942365
0.05882935753713051,0.8299658533556838,0.04648880194872618,0.24681109935045242
0.058936488504211106,0.8300251443471783,0.04680002573877573,0.24272925158341727
0.05870562605559826,0.8300878500031043,0.04627797411133846,0.24855302770932516
0.0587202717239658,0.8301350344570684,0.046224032839139305,0.2499247615536054
0.05901528646548589,0.8301851162020654,0.04696022905409336,0.24110114946961403
0.05896107666194439,0.8302366465925788,0.04688470965872208,0.24152734130620956
0.05889379481474558,0.8302750356987645,0.04673163096110026,0.24324326713879904
0.05881040977934996,0.8303381552534095,0.04658333926151196,0.24454140290617943
0.05869095182667176,0.8303982740423418,0.046193039044737816,0.249958253155152
0.05886620252082745,0.8304420438318744,0.046627591053644814,0.24477222810188928
0.058990051969885826,0.8304850892986486,0.047012728018065296,0.23954647779464722
0.05906726233661175,0.8305384822333974,0.04704434207330147,0.24045839284857115
0.05887937949349483,0.8305857701620414,0.046583824480573334,0.24591109404961267
0.058917765195171036,0.8306405082676269,0.04688036007185777,0.2407480925321579
0.058904396990935005,0.8306809668674076,0.04659032728523016,0.24628137548764548
0.05892296973615885,0.8307113884232529,0.04681118515630563,0.2422356978058815
0.058855026649932064,0.8307649883073611,0.04655799393852552,0.2459406591951847
0.05847202924390634,0.8308265557418099,0.04584293502072493,0.2525818732877572
0.058635679384072624,0.8308843980877879,0.04621645404646794,0.24838449930151305
0.058503927352527775,0.830936859750419,0.045902397794028126,0.25203057502706844
0.058625220942000546,0.8309647979139505,0.046297856296102204,0.2465472916762034
0.05889432753125826,0.8309963576912731,0.04671953214953343,0.24349591011802355
0.05886031252642473,0.8310312286583472,0.046664696807662644,0.2439123106499513
0.058748204881946244,0.8310813104033443,0.04644880164414644,0.24598804116249084
0.058903311068813004,0.8311455681794664,0.04662767332047224,0.24551274503270784
0.058814761539300285,0.8311827155894952,0.046675621531903744,0.24278279642264047
0.0587657131254673,0.8312348668280871,0.0464257433389624,0.24679939076304436
0.058671727466086544,0.8312653918586123,0.046419497268895306,0.24504459152619043
0.05880797281861305,0.831315990977008,0.04665061676253875,0.24314710373679796
0.058769475358227886,0.831359139918462,0.04650674977650245,0.24525451784332594
0.05914547170201937,0.8314046687775503,0.04731470129142205,0.2366154082119465
0.05887260443220536,0.8314534053517104,0.04665082258482774,0.24443562577168146
0.058976371151705585,0.8314861033505101,0.04696319748957952,0.2402634546160698
0.0588109732295076,0.8315184909252706,0.04652102943509817,0.24579887092113495
0.05865392119934162,0.8315601912212081,0.046285515340665974,0.24736811220645905
0.05873059729735056,0.831615239750833,0.04648009470353524,0.24501004194219908
0.0587519391750296,0.8316674944641046,0.04661389502386252,0.2427608755727609
0.058545262863238655,0.8317094017094018,0.04611823055893183,0.24854064111908278
0.058824243023991585,0.8317424101322406,0.04652828071266413,0.2459192474683126
0.05894795153290033,0.831770348295772,0.04682841245085001,0.24239077667395273
0.05890359574307998,0.8317998385794996,0.046869078651070595,0.240690345565478
0.058857920579612255,0.8318327435276588,0.04689078281323115,0.2393427441517512
0.05879943755765756,0.8318842739181722,0.04671526917566856,0.24168334528803825
0.05858473666012287,0.8319205935307632,0.04626516283800205,0.24639147023359934
0.05868812743574381,0.8319677779847272,0.0465009513621529,0.24374350160360336
0.058751617868741356,0.8320048219200763,0.04643220982203881,0.2463881609340509
0.05879907930890719,0.832020343122038,0.046644874227543674,0.24308409293492636
0.059003341322143875,0.8320401067858696,0.04697737097740173,0.24051940813660622
0.05871334268401066,0.8320697005442769,0.04650621178249518,0.24414261057972908
0.05872082648177942,0.8321107799921359,0.046542601039012275,0.24356449767947197
0.05856413611521324,0.8321552741044267,0.0462743698929747,0.24579531575242677
0.05885969754308462,0.8321735891227416,0.04669238502780596,0.24334623540441194
0.058855753081540264,0.83220276898243,0.04679908386121193,0.24113337198893228
0.05871485763539871,0.8322544028476231,0.04656247701495886,0.24304759874939919
0.058747125479082264,0.8322755116822913,0.04656362999230623,0.24366990104317665
0.05882061210771402,0.8323122451936013,0.04668786066273848,0.2426550251742204
0.05887823676069578,0.8323442188696425,0.04672246209035317,0.2431154909233252
0.05876055980722109,0.8323549802363361,0.046595217970510326,0.2433068255583445
0.0587470435226957,0.8323693632168208,0.04659343666086594,0.243072131027778
0.058757747213045754,0.8323905755261688,0.046561565871040024,0.24392361814777055
0.058563245770831905,0.8324302063285114,0.046085719019174576,0.24955053254961967
0.05880243331193924,0.8324585583907618,0.046581996294359364,0.24440872545043626
0.058707136350373425,0.8324914633389209,0.04655462130904198,0.24305029958486557
0.05896839965134859,0.8325250926098384,0.046950495491425194,0.24035807574788728
0.05892837016532818,0.8325457875457876,0.046894110118349396,0.2406851847966512
0.05870583032568296,0.8325572732352393,0.04653876026471456,0.24334139501055083
0.05867759014169375,0.8325779681711886,0.046552388928830624,0.24250401929020882
0.058933750415841736,0.8326017673475301,0.04693747187654177,0.239925567060709
0.058869061060249805,0.8326185302456489,0.046922531289358936,0.23893058796723685
0.058711194122831024,0.8326475031559777,0.046521276546021305,0.24379834532737732
0.05877829777697722,0.8326872374330003,0.046447115329404674,0.24662364025910696
0.05894128046929836,0.8327083462676683,0.04694810230284929,0.23986355091134706
0.05868474797656139,0.8327350427350427,0.04656172481675943,0.24246046071251234
0.05872730165719986,0.8327742596386665,0.04656083478281895,0.24332932382822037
0.05858194921165705,0.8327867800749158,0.04628030924747387,0.24603279183308283
0.058777883959313236,0.8327870904989549,0.04664948924134175,0.24256789684295654
0.05876683443784714,0.8328069576374661,0.04661104859163364,0.24311570450663567
0.0586303249001503,0.8328360340224747,0.04638770998766025,0.24485230321685472
0.058661993903418384,0.832827756048095,0.04634902936716875,0.2462592882414659
0.058715044210354485,0.8328316880859253,0.04653271691252788,0.24364653850595155
0.05873150533686081,0.8328362409718342,0.046608718732992806,0.2424557295938333
0.05874600571890672,0.8328250657064218,0.046483116845289864,0.24525776505470276
0.058854683923224606,0.8328335506301607,0.04677375530203184,0.24161856869856516
0.058425119457145534,0.8328552803129075,0.04608935831735531,0.24671521658698717
0.05859395582228899,0.8328837358498375,0.0463304982210199,0.24526915699243546
0.058520140747229256,0.8329141574056828,0.046045965204636254,0.2494834984342257
0.05871248090018829,0.832929161234246,0.046457299031317234,0.24510361875096956
0.05879818679143985,0.8329500631195546,0.046799312035242714,0.2399774839480718
0.05878758088996013,0.8329705511061443,0.04675971157848835,0.2405573638776938
0.05870358863224586,0.8329985927443555,0.04665996382633845,0.24087249239285788
0.058865202901264034,0.8330051116491795,0.04680711713929971,0.24116171648104986
0.05862611656387647,0.8330401895656133,0.04637240680555502,0.245074192682902
0.0585920869683226,0.8330779578237205,0.0462905370319883,0.24603098879257837
0.058612540985147156,0.833091616481447,0.0463763823111852,0.24472315857807794
0.05865588908394178,0.8330980319115913,0.04644698649644852,0.2441780517498652
0.058474334267278515,0.833103412594938,0.046076429076492786,0.2479581025739511
0.058714539743959904,0.8331070342087291,0.04653828187535206,0.24352513750394186
0.05865401836733023,0.8331253492270441,0.046532013453543186,0.24244008461634317
0.05843276189019283,0.8331515283210198,0.04602943795422713,0.24806646754344305
0.058634609915316105,0.83315556383353,0.04656787992765506,0.24133457615971565
0.05868890726317962,0.8331679807950993,0.04656082019209862,0.24256172900398573
0.05867849476635456,0.8331668425736223,0.046337037657698,0.24682913844784102
0.058687672950327396,0.8331782247883943,0.04652527285118898,0.24324798583984375
0.058670431996385254,0.8331907452246436,0.04633865846941868,0.24663546308875084
0.05866124015301466,0.8331875375095714,0.04650906597574552,0.24304347361127535
0.05854109519471725,0.8332188903375344,0.046303897785643734,0.24474393824736276
0.058660087175667286,0.8332504501148569,0.04637120229502519,0.24577768643697104
0.05877893014500538,0.8332644191966225,0.046580225229263306,0.24397408589720726
0.058596741408109665,0.8332633844498252,0.04638191498816013,0.24429652094841003
0.05878608052929243,0.8332690755572112,0.0467765045662721,0.24019151801864305
0.058631532825529575,0.833296392872664,0.04656222431610028,0.24138615280389786
0.05869728419929743,0.8332942199043893,0.04657471335182587,0.24245141074061394
0.05866498996814092,0.8332798369239047,0.04650666999320189,0.24316638087232909
0.05880821185807387,0.8332848037085325,0.04668006238838037,0.24256298939387003
0.058560981104771294,0.8333177086566916,0.046433436373869576,0.24255087847510973
0.05857750804473957,0.8333348854535295,0.046334855568905674,0.2448530433078607
0.0586967139194409,0.83334285300387,0.04671003296971321,0.23973361030220985
0.05861630104482174,0.833359926326028,0.046392632027467094,0.24447337165474892
0.05861078109592199,0.8333722398129177,0.046365570897857346,0.2449042076865832
0.05853119461486737,0.8333584776805115,0.04632789269089699,0.24406603972117105
0.058663118009765945,0.8333651000600153,0.04654254702230295,0.24241141974925995
0.05882787611335516,0.8333662382814926,0.04685753987481197,0.23940671856204668
0.05898755074789127,0.8333548560667204,0.047126274245480694,0.23722551638881365
0.05853038157025973,0.8333612714968647,0.046267617183427014,0.24525528773665428
0.05847742781043053,0.8333788621924215,0.04604474951823553,0.24865355590979257
0.05875909887254238,0.8333965563626581,0.04667864119013151,0.2416091412305832
0.058285971793035664,0.8333852776225658,0.04577369739611944,0.25024548048774403
